15k COMPOUNDING MODEL  ▸  Sequential 6.28% Profit Chain  ▸  Tax: 20% STCG (Post Budget Jul 2024)  ▸  Reinvestment: 50% of after-tax profit,Unnamed: 1,Unnamed: 2,Unnamed: 3,Unnamed: 4,Unnamed: 5,Unnamed: 6,Unnamed: 7,Unnamed: 8,Unnamed: 9
KEY ASSUMPTIONS: Profit Target = 6.28% per trade | Brokerage = 0.25% both sides + ₹19 DP | Income Tax = 20% STCG (update if LTCG applies: 12.5% above ₹1.25L) | Self Dividend = 50% of after-tax profit reinvested next trade,,,,,,,,,
Trade #,"Investment
₹","Target
@ 6.28% ₹","Gross Profit
₹","Brokerage
(0.247%) ₹","Net Profit
₹","STCG Tax
(20%) ₹","After-Tax
Profit ₹","Self Dividend
(50%) ₹","Growth Amount
(Next Trade +) ₹"
1,15000,15942,942,37.1304,904.8696,188.2128768,716.6567232,358.3283616,358.3283616
2,15358.32836,16322.831381008,964.5030211,38.01739169,926.4856294,192.7090109,733.7766185,366.8883092,366.8883092
3,15725.21667,16712.760276876,987.5436069,38.92557234,948.6180346,197.3125512,751.3054834,375.6527417,375.6527417
4,16100.86941,17112.004008948,1011.134599,39.85544811,971.279151,202.0260634,769.2530876,384.6265438,384.6265438
5,16485.49596,17520.785106288,1035.289146,40.80753727,994.4816088,206.8521746,787.6294342,393.8147171,393.8147171
6,16879.31067,17939.331380076,1060.02071,41.78237047,1018.23834,211.7935747,806.4447651,403.2223826,403.2223826
7,17282.53306,18367.876136168,1085.343076,42.78049103,1042.562585,216.8530177,825.7095672,412.8547836,412.8547836
8,17695.38784,18806.658196352,1111.270356,43.80245524,1067.467901,222.0333234,845.4345777,422.7172888,422.7172888
9,18118.10513,19255.922132164,1137.817002,44.84883271,1092.968169,227.3373792,865.6307901,432.8153951,432.8153951
10,18550.92052,19715.918328656,1164.997809,45.92020663,1119.077602,232.7681413,886.309461,443.1547305,443.1547305
11,18994.07525,20186.9031757,1192.827926,47.01717412,1145.810752,238.3286364,907.4821154,453.7410577,453.7410577
12,19447.81631,20669.139174268,1221.322864,48.14034659,1173.182518,244.0219637,929.1605541,464.580277,464.580277
13,19912.39659,21162.895095852,1250.498506,49.29035002,1201.208156,249.8512964,951.3568594,475.6784297,475.6784297
14,20388.07502,21668.446131256,1280.371111,50.46782538,1229.903286,255.8198834,974.0834023,487.0417012,487.0417012
15,20875.11672,22186.074050016,1310.95733,51.67342892,1259.283901,261.9310514,997.3528496,498.6764248,498.6764248
16,21373.79314,22716.067349192,1342.274209,52.9078326,1289.366377,268.1882064,1021.17817,510.5890852,510.5890852
17,21884.38223,23258.721434044,1374.339204,54.1717244,1320.16748,274.5948358,1045.572644,522.7863219,522.7863219
18,22407.16855,23814.33873494,1407.170185,55.46580875,1351.704376,281.1545103,1070.549866,535.274933,535.274933
19,22942.44348,24383.228930544,1440.785451,56.7908069,1383.994644,287.8708859,1096.123758,548.061879,548.061879
20,23490.50536,24965.709096608,1475.203737,58.14745736,1417.056279,294.7477061,1122.308573,561.1542867,561.1542867
21,24051.65965,25562.10387602,1510.444226,59.53651623,1450.90771,301.7888036,1149.118906,574.5594531,574.5594531
22,24626.2191,26172.74565948,1546.52656,60.95875772,1485.567802,308.9981028,1176.569699,588.2848496,588.2848496
23,25214.50395,26797.97479806,1583.470848,62.4149745,1521.055874,316.3796217,1204.676252,602.338126,602.338126
24,25816.84208,27438.139762624,1621.297683,63.90597821,1557.391704,323.9374745,1233.45423,616.7271149,616.7271149
25,26433.56919,28093.597335132,1660.028145,65.43259984,1594.595546,331.6758735,1262.919672,631.459836,631.459836
26,27065.02903,28764.712853084,1699.683823,66.99569026,1632.688133,339.5991316,1293.089001,646.5445006,646.5445006
27,27711.57353,29451.860347684,1740.286818,68.59612065,1671.690697,347.711665,1323.979032,661.989516,661.989516
28,28373.56305,30155.42280954,1781.859759,70.23478302,1711.624976,356.0179951,1355.606981,677.8034906,677.8034906
29,29051.36654,30875.792358712,1824.425819,71.91259067,1752.513228,364.5227514,1387.990476,693.9952382,693.9952382
30,29745.36178,31613.370499784,1868.008719,73.63047872,1794.378241,373.2306741,1421.147567,710.5737833,710.5737833
31,30455.93556,32368.568313168,1912.632753,75.38940464,1837.243348,382.1466165,1455.096732,727.548366,727.548366
32,31183.48392,33141.806710176,1958.32279,77.19034877,1881.132442,391.2755479,1489.856894,744.9284469,744.9284469
33,31928.41237,33933.516666836,2005.104297,79.03431485,1926.069982,400.6225563,1525.447426,762.7237129,762.7237129
34,32691.13608,34744.139425824,2053.003346,80.92233062,1972.081015,410.1928512,1561.888164,780.9440821,780.9440821
35,33472.08017,35574.126804676,2102.046634,82.85544836,2019.191186,419.9917667,1599.199419,799.5997097,799.5997097
36,34271.67988,36423.941376464,2152.261496,84.8347455,2067.426751,430.0247642,1637.401987,818.7009933,818.7009933
37,35090.38087,37294.056788636,2203.675919,86.86132519,2116.814593,440.2974354,1676.517158,838.258579,838.258579
38,35928.63945,38184.95800746,2256.318557,88.93631695,2167.38224,450.815506,1716.566734,858.2833672,858.2833672
39,36786.92282,39097.141573096,2310.218753,91.06087726,2219.157876,461.5848381,1757.573037,878.7865187,878.7865187
40,37665.70933,40031.115875924,2365.406546,93.23619026,2272.170356,472.611434,1799.558922,899.779461,899.779461
41,38565.4888,40987.40149664,2421.912696,95.46346834,2326.449228,483.9014394,1842.547789,921.2738943,921.2738943
42,39486.76269,41966.531386932,2479.768697,97.74395289,2382.024744,495.4611468,1886.563597,943.2817986,943.2817986
43,40430.04449,42969.051283972,2539.006794,100.0789149,2438.927879,507.2969988,1931.63088,965.8154401,965.8154401
44,41395.85993,43995.519933604,2599.660004,102.4696558,2497.190348,519.4155923,1977.774755,988.8873777,988.8873777
45,42384.74731,45046.509441068,2661.762131,104.9175081,2556.844623,531.8236815,2025.020941,1012.510471,1012.510471
46,43397.25778,46122.605568584,2725.347788,107.423836,2617.923952,544.5281821,2073.39577,1036.697885,1036.697885
47,44433.95566,47224.408075448,2790.452416,109.9900365,2680.462379,557.5361748,2122.926204,1061.463102,1061.463102
48,45495.41876,48352.531058128,2857.112298,112.6175398,2744.494759,570.8549098,2173.639849,1086.819924,1086.819924
49,46582.23869,49507.603279732,2925.36459,115.3078104,2810.056779,584.4918101,2225.564969,1112.782485,1112.782485
50,47695.02117,50690.268499476,2995.24733,118.0623476,2877.184982,598.4544763,2278.730506,1139.365253,1139.365253
51,48834.38643,51901.185897804,3066.799468,120.8826868,2945.916781,612.7506904,2333.16609,1166.583045,1166.583045
52,50000.96947,53141.030352716,3140.060883,123.7703998,3016.290483,627.3884205,2388.902063,1194.451031,1194.451031
53,51195.4205,54410.4929074,3215.072408,126.7270961,3088.345311,642.3758248,2445.969487,1222.984743,1222.984743
54,52418.40525,55710.2810997,3291.875849,129.7544236,3162.121426,657.7212566,2504.400169,1252.200085,1252.200085
55,53670.60533,57041.119344724,3370.514015,132.8540696,3237.659945,673.4332686,2564.226677,1282.113338,1282.113338
56,54952.71867,58403.749402476,3451.030732,136.0277617,3315.002971,689.5206179,2625.482353,1312.741176,1312.741176
57,56265.45985,59798.93072858,3533.470878,139.2772687,3394.19361,705.9922708,2688.201339,1344.100669,1344.100669
58,57609.56051,61227.440910028,3617.8804,142.6044017,3475.275999,722.8574077,2752.418591,1376.209295,1376.209295
59,58985.76981,62690.076154068,3704.306344,146.0110152,3558.295329,740.1254284,2818.1699,1409.08495,1409.08495
60,60394.85476,64187.651638928,3792.796879,149.4990077,3643.297871,757.8059572,2885.491914,1442.745957,1442.745957
61,61837.60072,65721.002045216,3883.401325,153.0703233,3730.331002,775.9088484,2954.422153,1477.211077,1477.211077
62,63314.81179,67290.981970412,3976.170181,156.7269525,3819.443228,794.4441915,3024.999037,1512.499518,1512.499518
63,64827.31131,68898.466460268,4071.15515,160.4709333,3910.684217,813.4223172,3097.2619,1548.63095,1548.63095
64,66375.94226,70544.351433928,4168.409174,164.3043524,4004.104822,832.8538029,3171.251019,1585.625509,1585.625509
65,67961.56777,72229.554225956,4267.986456,168.2293464,4099.75711,852.7494788,3247.007631,1623.503815,1623.503815
66,69585.07159,73955.014085852,4369.942496,172.2481028,4197.694393,873.1204337,3324.573959,1662.28698,1662.28698
67,71247.35857,75721.692688196,4474.334118,176.3628615,4297.971256,893.9780213,3403.993235,1701.996618,1701.996618
68,72949.35518,77530.574685304,4581.219506,180.5759158,4400.64359,915.3338667,3485.309723,1742.654862,1742.654862
69,74692.01005,79382.66828114,4690.658231,184.889614,4505.768617,937.1998723,3568.568745,1784.284372,1784.284372
70,76476.29442,81279.005709576,4802.711289,189.3063602,4613.404929,959.5882253,3653.816704,1826.908352,1826.908352
71,78303.20277,83220.643903956,4917.441134,193.828616,4723.612518,982.5114037,3741.101114,1870.550557,1870.550557
72,80173.75333,85208.665039124,5034.911709,198.458902,4836.452807,1005.982184,3830.470623,1915.235312,1915.235312
73,82088.98864,87244.177126592,5155.188487,203.1997989,4951.988688,1030.013647,3921.975041,1960.98752,1960.98752
74,84049.97616,89328.314662848,5278.338503,208.053949,5070.284554,1054.619187,4015.665367,2007.832683,2007.832683
75,86057.80884,91462.239235152,5404.430395,213.0240577,5191.406338,1079.812518,4111.593819,2055.79691,2055.79691
76,88113.60575,93647.1401911,5533.534441,218.1128951,5315.421546,1105.607682,4209.813864,2104.906932,2104.906932
77,90218.51268,95884.235276304,5665.722597,223.3232976,5442.399299,1132.019054,4310.380245,2155.190122,2155.190122
78,92373.70281,98174.771346468,5801.068536,228.658169,5572.410367,1159.061356,4413.349011,2206.674505,2206.674505
79,94580.37731,100520.025005068,5939.647695,234.1204828,5705.527212,1186.74966,4518.777552,2259.388776,2259.388776
80,96839.76609,102921.303400452,6081.53731,239.7132834,5841.824027,1215.099398,4626.724629,2313.362315,2313.362315
81,99153.1284,105379.94486352,6226.816464,245.4396879,5981.376776,1244.126369,4737.250406,2368.625203,2368.625203
82,101521.7536,107897.31972608,6375.566126,251.302888,6124.263238,1273.846754,4850.416485,2425.208242,2425.208242
83,103946.9618,110474.83100104,6527.869204,257.3061515,6270.563053,1304.277115,4966.285938,2483.142969,2483.142969
84,106430.1048,113113.91538144,6683.810583,263.4528243,6420.357758,1335.434414,5084.923345,2542.461672,2542.461672
85,108972.5665,115816.0436762,6843.477176,269.7463322,6573.730843,1367.336015,5206.394828,2603.197414,2603.197414
86,111575.7639,118582.72187292,7006.957973,276.1901829,6730.76779,1399.9997,5330.76809,2665.384045,2665.384045
87,114241.1479,121415.49198812,7174.344091,282.787968,6891.556123,1433.443674,5458.11245,2729.056225,2729.056225
88,116970.2042,124315.93302376,7345.728822,289.5433646,7056.185457,1467.686575,5588.498882,2794.249441,2794.249441
89,119764.4536,127285.66128608,7521.207687,296.4601379,7224.747549,1502.74749,5722.000059,2861.000029,2861.000029
90,122625.4536,130326.33208608,7700.878489,303.5421429,7397.336346,1538.64596,5858.690386,2929.345193,2929.345193
91,125554.7988,133439.64016464,7884.841367,310.7933268,7574.04804,1575.401992,5998.646048,2999.323024,2999.323024
92,128554.1219,136627.32075532,8073.198853,318.2177311,7754.981122,1613.036073,6141.945048,3070.972524,3070.972524
93,131625.0944,139891.15032832,8266.055927,325.8194936,7940.236434,1651.569178,6288.667256,3144.333628,3144.333628
94,134769.428,143232.9480784,8463.520079,333.6028513,8129.917228,1691.022783,6438.894444,3219.447222,3219.447222
95,137988.8752,146654.57656256,8665.701365,341.5721422,8324.129223,1731.418878,6592.710344,3296.355172,3296.355172
96,141285.2304,150157.94286912,8872.71247,349.7318079,8522.980662,1772.779978,6750.200684,3375.100342,3375.100342
97,144660.3307,153744.99946796,9084.668771,358.0863963,8726.582375,1815.129134,6911.453241,3455.72662,3455.72662
98,148116.0574,157417.74580472,9301.688403,366.6405638,8935.047839,1858.489951,7076.557889,3538.278944,3538.278944
99,151654.3363,161178.22861964,9523.89232,375.3990779,9148.493243,1902.886594,7245.606648,3622.803324,3622.803324
100,155277.1396,165028.54396688,9751.404369,384.3668204,9367.037549,1948.34381,7418.693739,3709.346869,3709.346869
101,158986.4865,168970.8378522,9984.351353,393.5487892,9590.802563,1994.886933,7595.91563,3797.957815,3797.957815
102,162784.4443,173007.30740204,10222.8631,402.9501021,9819.913001,2042.541904,7777.371097,3888.685549,3888.685549
103,166673.1299,177140.20245772,10467.07256,412.5759988,10054.49656,2091.335284,7963.161273,3981.580637,3981.580637
104,170654.7105,181371.8263194,10717.11582,422.4318442,10294.68398,2141.294267,8153.389709,4076.694854,4076.694854
105,174731.4054,185704.53765912,10973.13226,432.5231316,10540.60913,2192.446698,8348.162427,4174.081214,4174.081214
106,178905.4866,190140.75115848,11235.26456,442.8554852,10792.40907,2244.821087,8547.587985,4273.793992,4273.793992
107,183179.2806,194682.93942168,11503.65882,453.4346639,11050.22416,2298.446624,8751.777531,4375.888766,4375.888766
108,187555.1693,199333.63393204,11778.46463,464.266564,11314.19807,2353.353199,8960.844872,4480.422436,4480.422436
109,192035.5918,204095.42696504,12059.83516,475.3572224,11584.47794,2409.571412,9174.906529,4587.453264,4587.453264
110,196623.045,208970.972226,12347.92723,486.7128208,11861.21441,2467.132597,9394.081811,4697.040905,4697.040905
111,201320.0859,213962.98729452,12642.9014,498.3396879,12144.56171,2526.068835,9618.492874,4809.246437,4809.246437
112,206129.3324,219074.25447472,12944.92207,510.2443042,12434.67777,2586.412976,9848.264793,4924.132397,4924.132397
113,211053.4648,224307.62238944,13254.15759,522.4333046,12731.72428,2648.198651,10083.52563,5041.762816,5041.762816
114,216095.2276,229666.00789328,13570.78029,534.9134826,13035.86681,2711.460296,10324.40651,5162.203257,5162.203257
115,221257.4308,235152.39745424,13894.96666,547.691794,13347.27486,2776.233172,10571.04169,5285.520846,5285.520846
116,226542.9517,240769.84906676,14226.89737,560.7753609,13666.12201,2842.553377,10823.56863,5411.784314,5411.784314
117,231954.736,246521.4934208,14566.75742,574.1714753,13992.58595,2910.457877,11082.12807,5541.064035,5541.064035
118,237495.8,252410.53624,14914.73624,587.8876036,14326.84864,2979.984517,11346.86412,5673.432061,5673.432061
119,243169.2321,258440.25987588,15271.02778,601.9313904,14669.09639,3051.172048,11617.92434,5808.962169,5808.962169
120,248978.1943,264614.02490204,15635.8306,616.310663,15019.51994,3124.060147,11895.45979,5947.729895,5947.729895
121,254925.9242,270935.27223976,16009.34804,631.0334356,15378.3146,3198.689437,12179.62516,6089.812582,6089.812582
122,261015.7367,277407.52496476,16391.78827,646.1079141,15745.68035,3275.101514,12470.57884,6235.28942,6235.28942
123,267251.0262,284034.39064536,16783.36444,661.5425001,16121.82194,3353.338964,12768.48298,6384.241489,6384.241489
124,273635.2677,290819.56251156,17184.29481,677.3457961,16506.94901,3433.445395,13073.50362,6536.751809,6536.751809
125,280172.0195,297766.8223246,17594.80282,693.5266101,16901.27621,3515.465452,13385.81076,6692.90538,6692.90538
126,286864.9248,304880.04207744,18015.11728,710.0939604,17305.02332,3599.444851,13705.57847,6852.789235,6852.789235
127,293717.7141,312163.18654548,18445.47244,727.0570807,17718.41536,3685.430396,14032.98497,7016.492484,7016.492484
128,300734.2066,319620.31477448,18886.10817,744.4254256,18141.68275,3773.470011,14368.21274,7184.106368,7184.106368
129,307918.3129,327255.58295012,19337.27005,762.2086751,18575.06138,3863.612766,14711.44861,7355.724305,7355.724305
130,315274.0372,335073.24673616,19799.20954,780.4167408,19018.7928,3955.908902,15062.8839,7531.441948,7531.441948
131,322805.4792,343077.66329376,20272.18409,799.059771,19473.12432,4050.409859,15422.71446,7711.357231,7711.357231
132,330516.8364,351273.29372592,20756.45733,818.1481562,19938.30917,4147.168308,15791.14086,7895.570432,7895.570432
133,338412.4068,359664.70594704,21252.29915,837.6925354,20414.60661,4246.238176,16168.36844,8084.184219,8084.184219
134,346496.5911,368256.57702108,21759.98592,857.7038017,20902.28212,4347.67468,16554.60744,8277.303718,8277.303718
135,354773.8948,377053.69539344,22279.80059,878.1931082,21401.60748,4451.534357,16950.07313,8475.036564,8475.036564
136,363248.9313,386060.96418564,22812.03289,899.1718747,21912.86101,4557.875091,17354.98592,8677.492962,8677.492962
137,371926.4243,395283.40374604,23356.97945,920.6517937,22436.32765,4666.756152,17769.5715,8884.785751,8884.785751
138,380811.2101,404726.15409428,23914.94399,942.6448369,22972.29915,4778.238224,18194.06093,9097.030465,9097.030465
139,389908.2405,414394.4780034,24486.23751,965.1632623,23521.07424,4892.383442,18628.6908,9314.3454,9314.3454
140,399222.5859,424293.76429452,25071.1784,988.2196203,24082.95878,5009.255425,19073.70335,9536.851675,9536.851675
141,408759.4376,434429.53028128,25670.09268,1011.826761,24658.26592,5128.919311,19529.34661,9764.673304,9764.673304
142,418524.1109,444807.42506452,26283.31416,1035.997843,25247.31632,5251.441795,19995.87453,9997.937263,9997.937263
143,428522.0482,455433.23282696,26911.18463,1060.746337,25850.43829,5376.891164,20473.54712,10236.77356,10236.77356
144,438758.8217,466312.87570276,27554.054,1086.086037,26467.96797,5505.337337,20962.63063,10481.31532,10481.31532
145,449240.137,477452.4176036,28212.28061,1112.031066,27100.24954,5636.851905,21463.39764,10731.69882,10731.69882
146,459971.8359,488858.06719452,28886.23129,1138.595884,27747.63541,5771.508165,21976.12724,10988.06362,10988.06362
147,470959.8995,500536.1811886,29576.28169,1165.795297,28410.48639,5909.381169,22501.10522,11250.55261,11250.55261
148,482210.4521,512493.26849188,30282.81639,1193.644465,29089.17193,6050.547761,23038.62417,11519.31208,11519.31208
149,493729.7642,524735.99339176,31006.22919,1222.158909,29784.07028,6195.086619,23588.98366,11794.49183,11794.49183
150,505524.256,537271.1792768,31746.92328,1251.354522,30495.56876,6343.078301,24152.49045,12076.24523,12076.24523
151,517600.5012,550105.81267536,32505.31148,1281.247577,31224.0639,6494.605291,24729.45861,12364.7293,12364.7293
152,529965.2305,563247.0469754,33281.81648,1311.854733,31969.96175,6649.752043,25320.2097,12660.10485,12660.10485
153,542625.3354,576702.20646312,34076.87106,1343.19305,32733.67801,6808.605027,25925.07299,12962.53649,12962.53649
154,555587.8719,590478.79025532,34890.91835,1375.279995,33515.63836,6971.252779,26544.38558,13272.19279,13272.19279
155,568860.0647,604584.47676316,35724.41206,1408.13345,34316.27861,7137.785951,27178.49266,13589.24633,13589.24633
156,582449.311,619027.1277308,36577.81673,1441.771726,35136.045,7308.297361,27827.74764,13913.87382,13913.87382
157,596363.1848,633814.79280544,37451.60801,1476.213573,35975.39443,7482.882042,28492.51239,14246.2562,14246.2562
158,610609.441,648955.7138948,38346.2729,1511.478186,36834.79471,7661.6373,29173.15741,14586.57871,14586.57871
159,625196.0197,664458.32973716,39262.31004,1547.585219,37714.72482,7844.662763,29870.06206,14935.03103,14935.03103
160,640131.0508,680331.28079024,40200.22999,1584.554798,38615.67519,8032.06044,30583.61475,15291.80738,15291.80738
161,655422.8581,696583.41358868,41160.55549,1622.407526,39538.14796,8223.934777,31314.21319,15657.10659,15657.10659
162,671079.9647,713223.78648316,42143.82179,1661.164501,40482.65728,8420.392715,32062.26457,16031.13228,16031.13228
163,687111.097,730261.6738916,43150.57689,1700.847325,41449.72957,8621.54375,32828.18582,16414.09291,16414.09291
164,703525.1899,747706.57182572,44181.38193,1741.478114,42439.90381,8827.499993,33612.40382,16806.20191,16806.20191
165,720331.3918,765568.20320504,45236.81141,1783.079514,43453.73189,9038.376234,34415.35566,17207.67783,17207.67783
166,737539.0697,783856.52327716,46317.45357,1825.674711,44491.77886,9254.290004,35237.48886,17618.74443,17618.74443
167,755157.8141,802581.72482548,47423.91073,1869.287447,45554.62328,9475.361642,36079.26164,18039.63082,18039.63082
168,773197.4449,821754.24443972,48556.79954,1913.942027,46642.85751,9701.714363,36941.14315,18470.57158,18470.57158
169,791668.0165,841384.7679362,49716.75144,1959.663341,47757.08809,9933.474324,37823.61377,18911.80689,18911.80689
170,810579.8234,861484.23630952,50904.41291,2006.476872,48897.93604,10170.7707,38727.16534,19363.58267,19363.58267
171,829943.406,882063.8518968,52120.4459,2054.40871,50066.03719,10413.73574,39652.30145,19826.15073,19826.15073
172,849769.5568,903135.08496704,53365.52817,2103.48557,51262.0426,10662.50486,40599.53774,20299.76887,20299.76887
173,870069.3256,924709.67924768,54640.35365,2153.734806,52486.61884,10917.21672,41569.40212,20784.70106,20784.70106
174,890854.0267,946799.65957676,55945.63288,2205.184424,53740.44845,11178.01328,42562.43517,21281.21759,21281.21759
175,912135.2443,969417.33764204,57282.09334,2257.863098,55024.23024,11445.03989,43579.19035,21789.59518,21789.59518
176,933924.8395,992575.3194206,58650.47992,2311.800191,56338.67973,11718.44538,44620.23434,22310.11717,22310.11717
177,956234.9566,1016286.51187448,60051.55528,2367.025762,57684.52951,11998.38214,45686.14738,22843.07369,22843.07369
178,979078.0303,1040564.13060284,61486.1003,2423.570593,59062.52971,12285.00618,46777.52353,23388.76177,23388.76177
179,1002466.792,1065421.7065376,62954.91454,2481.466198,60473.44834,12578.47726,47894.97109,23947.48554,23947.48554
180,1026414.278,1090873.0946584,64458.81664,2540.744846,61918.07179,12878.95893,49039.11286,24519.55643,24519.55643
181,1050933.834,1116932.4787752,65998.64478,2601.439575,63397.2052,13186.61868,50210.58652,25105.29326,25105.29326
182,1076039.127,1143614.3841756,67575.2572,2663.584214,64911.67298,13501.62798,51410.045,25705.0225,25705.0225
183,1101744.15,1170933.68262,69189.53261,2727.213399,66462.31921,13824.1624,52638.15681,26319.07841,26319.07841
184,1128063.228,1198905.5987184,70842.37073,2792.362593,68050.00814,14154.40169,53895.60645,26947.80322,26947.80322
185,1155011.031,1227545.7237468,72534.69278,2859.068107,69675.62467,14492.52993,55183.09474,27591.54737,27591.54737
186,1182602.579,1256870.0209612,74267.44195,2927.36712,71340.07483,14838.73556,56501.33927,28250.66963,28250.66963
187,1210853.248,1286894.8319744,76041.584,2997.297697,73044.28631,15193.21155,57851.07475,28925.53738,28925.53738
188,1239778.786,1317636.8937608,77858.10775,3068.898815,74789.20893,15556.15546,59233.05348,29616.52674,29616.52674
189,1269395.313,1349113.3386564,79718.02563,3142.210381,76575.81525,15927.76957,60648.04568,30324.02284,30324.02284
190,1299719.335,1381341.709238,81622.37426,3217.273254,78405.10101,16308.26101,62096.84,31048.42,31048.42
191,1330767.755,1414339.970014,83572.21504,3294.129271,80278.08577,16697.84184,63580.24393,31790.12196,31790.12196
192,1362557.877,1448126.5116756,85568.6347,3372.821267,82195.81343,17096.72919,65099.08424,32549.54212,32549.54212
193,1395107.419,1482720.1649132,87612.74594,3453.393102,84159.35284,17505.14539,66654.20745,33327.10373,33327.10373
194,1428434.523,1518140.2110444,89705.68806,3535.889681,86169.79838,17923.31806,68246.48031,34123.24016,34123.24016
195,1462557.763,1554406.3905164,91848.62754,3620.356985,88228.27055,18351.48028,69876.79028,34938.39514,34938.39514
196,1497496.159,1591538.9177852,94042.75875,3706.842091,90335.91666,18789.87067,71546.046,35773.023,35773.023
197,1533269.182,1629558.4866296,96289.3046,3795.393201,92493.9114,19238.73357,73255.17783,36627.58891,36627.58891
198,1569896.77,1668486.287156,98589.51718,3886.05967,94703.45751,19698.31916,75005.13835,37502.56918,37502.56918
199,1607399.34,1708344.018552,100944.6785,3978.892029,96965.7865,20168.88359,76796.90291,38398.45145,38398.45145
200,1645797.791,1749153.8922748,103356.1013,4073.94202,99282.15926,20650.68913,78631.47013,39315.73507,39315.73507
201,1685113.526,1790938.6554328,105825.1294,4171.262618,101653.8668,21144.0043,80509.86252,40254.93126,40254.93126
202,1725368.457,1833721.5960996,108353.1391,4270.908065,104082.2311,21649.10406,82433.127,41216.5635,41216.5635
203,1766585.021,1877526.5603188,110941.5393,4372.933897,106568.6054,22166.26993,84402.33549,42201.16774,42201.16774
204,1808786.189,1922377.9616692,113591.7726,4477.39698,109114.3757,22695.79014,86418.58553,43209.29276,43209.29276
205,1851995.481,1968300.7972068,116305.3162,4584.355535,111720.9607,23237.95982,88483.00087,44241.50044,44241.50044
206,1896236.982,2015320.6644696,119083.6825,4693.869175,114389.8133,23793.08116,90596.73212,45298.36606,45298.36606
207,1941535.348,2063463.7678544,121928.4198,4805.998939,117122.4209,24361.46355,92760.95736,46380.47868,46380.47868
208,1987915.827,2112756.9409356,124841.1139,4920.80732,119920.3066,24943.42377,94976.88282,47488.44141,47488.44141
209,2035404.268,2163227.6560304,127823.388,5038.358309,122785.0297,25539.28618,97245.74354,48622.87177,48622.87177
210,2084027.14,2214904.044392,130876.9044,5158.717421,125718.187,26149.38289,99568.80407,49784.40203,49784.40203
211,2133811.542,2267814.9068376,134003.3648,5281.951738,128721.4131,26774.05392,101947.3592,50973.67958,50973.67958
212,2184785.221,2321989.7328788,137204.5119,5408.129946,131796.382,27413.64745,104382.7345,52191.36725,52191.36725
213,2236976.589,2377458.7187892,140482.1298,5537.322368,134944.8074,28068.51994,106876.2875,53438.14373,53438.14373
214,2290414.732,2434252.7771696,143838.0452,5669.601012,138168.4442,28739.03639,109429.4078,54714.70389,54714.70389
215,2345129.436,2492403.5645808,147274.1286,5805.039601,141469.089,29425.57051,112043.5185,56021.75924,56021.75924
216,2401151.195,2551943.490046,150792.2951,5943.713623,144848.5815,30128.50494,114720.0765,57360.03826,57360.03826
217,2458511.234,2612905.7394952,154394.5055,6085.700368,148308.8051,30848.23146,117460.5736,58730.28682,58730.28682
218,2517241.521,2675324.2885188,158082.7675,6231.07897,151851.6885,31585.15121,120266.5373,60133.26865,60133.26865
219,2577374.789,2739233.9257492,161859.1368,6379.930458,155479.2063,32339.67491,123139.5314,61569.7657,61569.7657
220,2638944.555,2804670.273054,165725.718,6532.337793,159193.3803,33112.22309,126081.1572,63040.57858,63040.57858
221,2701985.133,2871669.7993524,169684.6664,6688.38592,162996.2805,33903.22634,129093.0541,64546.52706,64546.52706
222,2766531.661,2940269.8493108,173738.1883,6848.161811,166890.0265,34713.12551,132176.901,66088.45048,66088.45048
223,2832620.111,3010508.6539708,177888.543,7011.754518,170876.7885,35542.372,135334.4165,67667.20823,67667.20823
224,2900287.319,3082425.3626332,182138.0436,7179.255219,174958.7884,36391.42799,138567.3604,69283.68022,69283.68022
225,2969570.999,3156060.0577372,186489.0588,7350.757269,179138.3015,37260.76671,141877.5348,70938.76739,70938.76739
226,3040509.767,3231453.7803676,190944.0134,7526.356257,183417.6571,38150.87268,145266.7844,72633.39221,72633.39221
227,3113143.159,3308648.5493852,195505.3904,7706.15005,187799.2403,39062.24199,148736.9983,74368.49917,74368.49917
228,3187511.658,3387687.3901224,200175.7321,7890.238858,192285.4933,39995.3826,152290.1107,76145.05534,76145.05534
229,3263656.714,3468614.3556392,204957.6416,8078.725283,196878.9163,40950.8146,155928.1017,77964.05087,77964.05087
230,3341620.764,3551474.5479792,209853.784,8271.714376,201582.0696,41929.07048,159652.9991,79826.49957,79826.49957
231,3421447.264,3636314.1521792,214866.8882,8469.3137,206397.5745,42930.69549,163466.879,81733.4395,81733.4395
232,3503180.704,3723180.4522112,219999.7482,8671.633386,211328.1148,43956.24788,167371.8669,83685.93346,83685.93346
233,3586866.637,3812121.8618036,225255.2248,8878.786199,216376.4386,45006.29923,171370.1394,85685.06969,85685.06969
234,3672551.707,3903187.9541996,230636.2472,9090.887593,221545.3596,46081.43479,175463.9248,87731.9624,87731.9624
235,3760283.669,3996429.4834132,236145.8144,9308.055783,226837.7586,47182.2538,179655.5048,89827.75242,89827.75242
236,3850111.422,4091898.4193016,241786.9973,9530.411808,232256.5855,48309.36978,183947.2157,91973.60784,91973.60784
237,3942085.029,4189647.9688212,247562.9398,9758.079598,237804.8602,49463.41093,188341.4493,94170.72466,94170.72466
238,4036255.754,4289732.6153512,253476.8614,9991.186043,243485.6753,50645.02046,192840.6548,96420.32742,96420.32742
239,4132676.081,4392208.1388868,259532.0579,10229.86106,249302.1968,51854.85694,197447.3399,98723.66995,98723.66995
240,4231399.751,4497131.6553628,265731.9044,10474.23769,255257.6667,53093.59467,202164.072,101082.036,101082.036
241,4332481.787,4604561.6432236,272079.8562,10724.45212,261355.4041,54361.92406,206993.4801,103496.74,103496.74
242,4435978.527,4714557.9784956,278579.4515,10980.64381,267598.8077,55660.552,211938.2557,105969.1279,105969.1279
243,4541947.655,4827181.967734,285234.3128,11242.95555,273991.3572,56990.2023,217001.1549,108500.5775,108500.5775
244,4650448.233,4942496.3820324,292048.149,11511.53354,280536.6155,58351.61602,222184.9995,111092.4997,111092.4997
245,4761540.732,5060565.4899696,299024.758,11786.52747,287238.2305,59745.55195,227492.6786,113746.3393,113746.3393
246,4875287.072,5181455.1001216,306168.0281,12068.09061,294099.9375,61172.787,232927.1505,116463.5753,116463.5753
247,4991750.647,5305232.5876316,313481.9406,12356.37988,301125.5608,62634.11664,238491.4441,119245.7221,119245.7221
248,5110996.369,5431966.9409732,320970.572,12651.55597,308319.016,64130.35533,244188.6607,122094.3303,122094.3303
249,5233090.699,5561728.7948972,328638.0959,12953.78339,315684.3125,65662.33701,250021.9755,125010.9878,125010.9878
250,5358101.687,5694590.4729436,336488.786,13263.23059,323225.5554,67230.91552,255994.6398,127997.3199,127997.3199
251,5486099.007,5830626.0246396,344527.0176,13580.07004,330946.9476,68836.9651,262109.9825,131054.9913,131054.9913
252,5617153.998,5969911.2690744,352757.2711,13904.47832,338852.7928,70481.3809,268371.4119,134185.7059,134185.7059
253,5751339.704,6112523.8374112,361184.1334,14236.63625,346947.4972,72165.07941,274782.4178,137391.2089,137391.2089
254,5888730.913,6258543.2143364,369812.3013,14576.72895,355235.5724,73888.99906,281346.5733,140673.2867,140673.2867
255,6029404.2,6408050.78376,378646.5837,14924.94598,363721.6378,75654.10066,288067.5371,144033.7686,144033.7686
256,6173437.968,6561129.8723904,387691.9044,15281.48141,372410.423,77461.36798,294949.055,147474.5275,147474.5275
257,6320912.496,6717865.8007488,396953.3047,15646.53396,381306.7708,79311.80832,301994.9625,150997.4812,150997.4812
258,6471909.977,6878345.9235556,406435.9466,16020.30708,390415.6395,81206.45301,309209.1865,154604.5932,154604.5932
259,6626514.57,7042659.684996,416145.115,16403.00911,399742.1059,83146.35803,316595.7479,158297.8739,158297.8739
260,6784812.444,7210898.6654832,426086.2215,16794.85333,409291.3682,85132.60458,324158.7636,162079.3818,162079.3818
261,6946891.826,7383156.6326728,436264.8067,17196.05815,419068.7485,87166.29969,331902.4488,165951.2244,165951.2244
262,7112843.051,7559529.5946028,446686.5436,17606.84717,429079.6964,89248.57685,339831.1195,169915.5598,169915.5598
263,7282758.61,7740115.850708,457357.2407,18027.44935,439329.7914,91380.59661,347949.1948,173974.5974,173974.5974
264,7456733.208,7925016.0534624,468282.8454,18458.09911,449824.7463,93563.54724,356261.1991,178130.5995,178130.5995
265,7634863.807,8114333.2540796,479469.4471,18899.03647,460570.4106,95798.64541,364771.7652,182385.8826,182385.8826
266,7817249.69,8308172.970532,490923.2805,19350.50719,471572.7733,98087.13685,373485.6365,186742.8182,186742.8182
267,8003992.508,8506643.2375024,502650.7295,19812.76289,482837.9666,100430.2971,382407.6696,191203.8348,191203.8348
268,8195196.343,8709854.6733404,514658.3303,20286.06122,494372.2691,102829.432,391542.8371,195771.4186,195771.4186
269,8390967.761,8917920.5363908,526952.7754,20770.66596,506182.1095,105285.8788,400896.2307,200448.1153,200448.1153
270,8591415.877,9130956.7940756,539540.9171,21266.8472,518274.0699,107801.0065,410473.0633,205236.5317,205236.5317
271,8796652.408,9349082.1792224,552429.7712,21774.88151,530654.8897,110376.2171,420278.6727,210139.3363,210139.3363
272,9006791.745,9572418.266586,565626.5216,22295.05201,543331.4696,113012.9457,430318.5239,215159.2619,215159.2619
273,9221951.007,9801089.5302396,579138.5232,22827.64864,556310.8746,115712.6619,440598.2127,220299.1063,220299.1063
274,9442250.113,10035223.4200964,592973.3071,23372.96824,569600.3389,118476.8705,451123.4684,225561.7342,225561.7342
275,9667811.847,10274950.4309916,607138.584,23931.31473,583207.2693,121307.112,461900.1573,230950.0786,230950.0786
276,9898761.926,10520404.1749528,621642.2489,24502.99932,597139.2496,124204.9639,472934.2857,236467.1429,236467.1429
277,10135229.07,10771721.455596,636492.3855,25088.34063,611404.0449,127172.0413,484232.0036,242116.0018,242116.0018
,,,,,,,,,
"TAX NOTE: Budget 2024 (Jul 2024) changed STCG on listed equity to 20% (was 15%). Model updated. If holding > 12 months (LTCG): 12.5% tax on gains above ₹1.25L. If income > ₹50L, surcharge applies → effective rate ~22.9%. Adjust manually in that case.",,,,,,,,,
